<xml>

<dir>
	<title>50's Movies (IMDB)</title>
	<imdburl>https://www.imdb.com/search/title?title_type=feature&release_date=1950-01-01,1959-12-31&user_rating=5.0,10.0'</imdburl>
</dir>

<dir>
	<title>60's Movies (IMDB)</title>
	<imdburl>https://www.imdb.com/search/title?title_type=feature&release_date=1960-01-01,1969-12-31&user_rating=5.0,10.0'</imdburl>
</dir>

<dir>
	<title>70's Movies (IMDB)</title>
	<imdburl>https://www.imdb.com/search/title?title_type=feature&release_date=1970-01-01,1979-12-31&user_rating=5.0,10.0'</imdburl>
</dir>

<dir>
	<title>80's Movies (IMDB)</title>
	<imdburl>https://www.imdb.com/search/title?title_type=feature&release_date=1980-01-01,1989-12-31&user_rating=5.0,10.0'</imdburl>
</dir>

<dir>
	<title>90's Movies (IMDB)</title>
	<imdburl>https://www.imdb.com/search/title?title_type=feature&release_date=1990-01-01,1999-12-31&user_rating=5.0,10.0'</imdburl>
</dir>

<dir>
	<title>2000s  Movies(IMDB)</title>
	<imdburl>https://www.imdb.com/search/title?title_type=feature&release_date=2000-01-01,2010-12-31&user_rating=5.0'</imdburl>
</dir>

<dir>
	<title>Now Playing (TMDB)</title>
	<tmdb>movies/now_playing</tmdb>
</dir>

<dir>
	<title>Popular (Trakt)</title>
	<trakt>https://api.trakt.tv/movies/popular</trakt>
</dir>

<dir>
	<title>Popular (TMDB)</title>
	<tmdb>movies/popular</tmdb>
</dir>

<dir>
	<title>Top Rated (IMDB)</title>
	<imdburl>chart/top</imdburl>
</dir>

<dir>
	<title>Top Rated (TMDB)</title>
	<tmdb>movies/top_rated</tmdb>
</dir>

<dir>
	<title>Trending (IMDB)</title>
	<imdburl>movies/trending</imdburl>
</dir>

<dir>
	<title>Trending (Trakt)</title>
	<trakt>https://api.trakt.tv/movies/trending</trakt>
</dir>

<dir>
	<title>Moviemeter Chart (IMDB)</title>
	<imdburl>chart/moviemeter</imdburl>
</dir>

<dir>
	<title>Boxsets</title>
	<link>file://shared/boxsets.xml</link>
</dir>

<dir>
	<title>Kids Boxsets</title>
	<link>file://shared/boxsets-kids.xml</link>
</dir>

<dir>
	<title>Horror Boxsets</title>
	<link>file://shared/boxsets-horror.xml</link>
</dir>

<dir>
	<title>Concerts</title>
	<summary>Concerts</summary>
	<link>file://shared/concerts.xml</link>
</dir>


<dir>
	<title>Find By</title>
	<link>file://shared/findby-movie.xml</link>
</dir>


</xml>
