<xml>

<dir>
    <title>Search Em</title>
    <link>file://menu/msearch.xml</link>
	<thumbnail>special://home/addons/plugin.video.beardedbandit/resources/images/icons/Search.png</thumbnail>
</dir>

<plugin>
	<title>Open Settings</title>
	<link>plugin://plugin.video.jew/?action=openSettings</link>
	<thumbnail>special://home/addons/plugin.video.beardedbandit/resources/images/icons/Settings.png</thumbnail>
</plugin>

<plugin>
    <title>Clear Cache</title>
    <link>plugin://plugin.video.beardedbandit/?mode=clearCache</link>
    <thumbnail>special://home/addons/plugin.video.beardedbandit/resources/images/icons/Settings.png</thumbnail>
</plugin>

<item>
	<title>Pair Up</title>
	<pairwith>pairlist</pairwith>
	<thumbnail>special://home/addons/plugin.video.beardedbandit/resources/images/icons/Quicktools.png</thumbnail>
</item>

<item>
	<title>Pair Openload</title>
	<pairwith>openload</pairwith>
	<thumbnail>special://home/addons/plugin.video.beardedbandit/resources/images/icons/Quicktools.png</thumbnail>
</item>

<item>
	<title>Re-Authorize Trakt</title>
	<trakt>https://api.trakt.tv/sync/collection/shows</trakt>
	<thumbnail>special://home/addons/plugin.video.beardedbandit/resources/images/icons/Quicktools.png</thumbnail>
</item>

<plugin>
	<title>Re-Authorize REAL-DEBRID (Resolve-URL)</title>
	<link>plugin://script.module.resolveurl/?mode=auth_rd</link>
	<thumbnail>special://home/addons/plugin.video.beardedbandit/resources/images/icons/Quicktools.png</thumbnail>
</plugin>


</xml>
