<xml>

<dir>
	<title>Search (Trakt)</title>
	<trakt>search</trakt>
	<thumbnail>special://home/addons/plugin.video.beardedbandit/resources/images/trakt.png</thumbnail>
</dir>

<dir>
	<title>Search (TMDB)</title>
	<tmdb>search</tmdb>
	<thumbnail>special://home/addons/plugin.video.beardedbandit/resources/images/tmdb.png</thumbnail>
</dir>

<dir>
	<title>Search (IMDB)</title>
	<imdburl>searchseries</imdburl>
	<thumbnail>special://home/addons/plugin.video.beardedbandit/resources/images/imdb.png</thumbnail>
</dir>

<plugin>
	<title>Search (YouTube)</title>
	<link>plugin://plugin.video.youtube/kodion/search/list/</link>
	<thumbnail>special://home/addons/plugin.video.beardedbandit/resources/images/YouTube.png</thumbnail>
</plugin>


</xml>
