<xml>

<dir>
	<title>Sports Streams(Uses plugin.video.SportsDevil)</title>
	<sport_stream>games</sport_stream>
</dir>

<plugin>
	<title>MLB Highlights (YouTube)</title>
	<summary>MLB Highlights Channel.</summary>
	<link>plugin://plugin.video.youtube/channel/UCoLrcjPV5PbUrUyXq5mjc_A/</link>
</plugin>

<plugin>
	<title>NBA Highlights (YouTube)</title>
	<summary>NBA Highlights Channel.</summary>
	<link>plugin://plugin.video.youtube/channel/UCWJ2lWNubArHWmf3FIHbfcQ/</link>
</plugin>

<plugin>
	<title>NFL Highlights (YouTube)</title>
	<summary>NFL Highlights Channel.</summary>
	<link>plugin://plugin.video.youtube/channel/UCDVYQ4Zhbm3S2dlz7P1GBDg/</link>
</plugin>

<plugin>
	<title>NHL Highlights (YouTube)</title>
	<summary>NHL Highlights Channel.</summary>
	<link>plugin://plugin.video.youtube/channel/UCqFMzb-4AUf6WAIbl132QKA/</link>
</plugin>


</xml>
