<xml>

<dir>
	<title>The Basic Networks (TVmaze)</title>
	<summary>The standard basic cable networks.</summary>
	<link>file://shared/jewxml/jew-networks1.xml</link>
</dir>

<dir>
	<title>The Special Networks (TVmaze)</title>
	<summary>The standard special cable networks.</summary>
	<link>file://shared/jewxml/jew-networks2.xml</link>
</dir>

<dir>
	<title>The Kids Networks (TVmaze)</title>
	<summary>The standard kiddie cable networks.</summary>
	<link>file://shared/jewxml/jew-networks3.xml</link>
</dir>

<dir>
	<title>The Sports Networks (TVmaze)</title>
	<summary>The standard sports cable networks.</summary>
	<link>file://shared/jewxml/jew-networks4.xml</link>
</dir>

<dir>
	<title>Web Channels (TVmaze)(Dope!)</title>
	<summary>All the awesome sources like hulu and netflix.</summary>
	<tvmaze>web_channel/1</tvmaze>
</dir>


</xml>