<xml>

<dir>
	<title>HBO</title>
	<tvmaze>network/8/1</tvmaze>
</dir>

<dir>
	<title>HBO Family</title>
	<tvmaze>network/190/1</tvmaze>
</dir>

<dir>
	<title>HBO Signature</title>
	<tvmaze>network/191/1</tvmaze>
</dir>

<dir>
	<title>Showtime</title>
	<tvmaze>network/9/1</tvmaze>
</dir>

<dir>
	<title>Showtime 2</title>
	<tvmaze>network/215/1</tvmaze>
</dir>

<dir>
	<title>Showtime Extreme</title>
	<tvmaze>network/216/1</tvmaze>
</dir>

<dir>
	<title>Showtime Women</title>
	<tvmaze>network/260/1</tvmaze>
</dir>

<dir>
	<title>Showtime Showcase</title>
	<tvmaze>network/1492/1</tvmaze>
</dir>

<dir>
	<title>Starz</title>
	<tvmaze>network/17/1</tvmaze>
</dir>

<dir>
	<title>Starz Edge</title>
	<tvmaze>network/254/1</tvmaze>
</dir>

<dir>
	<title>Starz Cinema</title>
	<tvmaze>network/255/1</tvmaze>
</dir>

<dir>
	<title>Starz Comedy</title>
	<tvmaze>network/256/1</tvmaze>
</dir>

<dir>
	<title>Starz InBlack</title>
	<tvmaze>network/257/1</tvmaze>
</dir>

<dir>
	<title>Starz Kids and Family</title>
	<tvmaze>network/258/1</tvmaze>
</dir>

<dir>
	<title>Pay-Per-View</title>
	<tvmaze>network/138/1</tvmaze>
</dir>

<dir>
	<title>Cinemax</title>
	<tvmaze>network/19/1</tvmaze>
</dir>

<dir>
	<title>Encore</title>
	<tvmaze>network/178/1</tvmaze>
</dir>

<dir>
	<title>Turner Classic Movies</title>
	<tvmaze>network/218/1</tvmaze>
</dir>

<dir>
	<title>The Movie Channel</title>
	<tvmaze>network/221/1</tvmaze>
</dir>

<dir>
	<title>The Movie Channel Xtra</title>
	<tvmaze>network/222/1</tvmaze>
</dir>

<dir>
	<title>Epix</title>
	<tvmaze>network/253/1</tvmaze>
</dir>

<dir>
	<title>Prime Time Entertainment</title>
	<tvmaze>network/1509/1</tvmaze>
</dir>


</xml>