<xml>

<dir>
	<title>Explicit Scenes</title>
	<cnw>category/explicit-scene/</cnw>
	<thumbnail>http://www.celebsnudeworld.com/media/videos/cat/29.jpg</thumbnail>
</dir>

<dir>
	<title>Movies</title>
	<cnw>category/movies/</cnw>
	<thumbnail>http://www.celebsnudeworld.com/media/videos/cat/37.jpg</thumbnail>
</dir>

<dir>
	<title>Nip Slip</title>
	<cnw>category/nip-slip/</cnw>
	<thumbnail>http://www.celebsnudeworld.com/media/videos/cat/38.jpg</thumbnail>
</dir>

<dir>
	<title>Other</title>
	<cnw>category/other/</cnw>
	<thumbnail>http://www.celebsnudeworld.com/media/videos/cat/33.jpg</thumbnail>
</dir>

<dir>
	<title>PlayBoy</title>
	<cnw>category/playboyvideos/</cnw>
	<thumbnail>http://www.celebsnudeworld.com/media/videos/cat/41.jpg</thumbnail>
</dir>

<dir>
	<title>Celebrities Sex Tape</title>
	<cnw>category/sex-tape/</cnw>
	<thumbnail>http://www.celebsnudeworld.com/media/videos/cat/28.jpg</thumbnail>
</dir>

<dir>
	<title>Short videos</title>
	<cnw>category/short-videos/</cnw>
	<thumbnail>http://www.celebsnudeworld.com/media/videos/cat/39.jpg</thumbnail>
</dir>

<dir>
	<title>Unknown</title>
	<cnw>category/unknown/</cnw>
	<thumbnail>http://www.celebsnudeworld.com/media/videos/cat/32.jpg</thumbnail>
</dir>

<dir>
	<title>Greek Babies</title>
	<cnw>category/greek-gr/</cnw>
	<thumbnail>http://www.celebsnudeworld.com/media/videos/cat/31.jpg</thumbnail>
</dir>

<dir>
	<title>Celebrities A</title>
	<cnw>category/celebs-a/</cnw>
	<thumbnail>http://www.celebsnudeworld.com/media/videos/cat/3.jpg</thumbnail>
</dir>

<dir>
	<title>Celebrities B</title>
	<cnw>category/celebs-b/</cnw>
	<thumbnail>http://www.celebsnudeworld.com/media/videos/cat/4.jpg</thumbnail>
</dir>

<dir>
	<title>Celebrities C</title>
	<cnw>category/celebs-c/</cnw>
	<thumbnail>http://www.celebsnudeworld.com/media/videos/cat/5.jpg</thumbnail>
</dir>

<dir>
	<title>Celebrities D</title>
	<cnw>category/celebs-d/</cnw>
	<thumbnail>http://www.celebsnudeworld.com/media/videos/cat/6.jpg</thumbnail>
</dir>

<dir>
	<title>Celebrities E</title>
	<cnw>category/celebs-e/</cnw>
	<thumbnail>http://www.celebsnudeworld.com/media/videos/cat/7.jpg</thumbnail>
</dir>

<dir>
	<title>Celebrities F</title>
	<cnw>category/celebs-f/</cnw>
	<thumbnail>http://www.celebsnudeworld.com/media/videos/cat/8.jpg</thumbnail>
</dir>

<dir>
	<title>Celebrities G</title>
	<cnw>category/celebs-g/</cnw>
	<thumbnail>http://www.celebsnudeworld.com/media/videos/cat/9.jpg</thumbnail>
</dir>

<dir>
	<title>Celebrities H</title>
	<cnw>category/celebs-h/</cnw>
	<thumbnail>http://www.celebsnudeworld.com/media/videos/cat/10.jpg</thumbnail>
</dir>

<dir>
	<title>Celebrities I</title>
	<cnw>category/celebs-i/</cnw>
	<thumbnail>http://www.celebsnudeworld.com/media/videos/cat/11.jpg</thumbnail>
</dir>

<dir>
	<title>Celebrities J</title>
	<cnw>category/celebs-j/</cnw>
	<thumbnail>http://www.celebsnudeworld.com/media/videos/cat/30.jpg</thumbnail>
</dir>

<dir>
	<title>Celebrities K</title>
	<cnw>category/celebs-k/</cnw>
	<thumbnail>http://www.celebsnudeworld.com/media/videos/cat/12.jpg</thumbnail>
</dir>

<dir>
	<title>Celebrities L</title>
	<cnw>category/celebs-l/</cnw>
	<thumbnail>http://www.celebsnudeworld.com/media/videos/cat/13.jpg</thumbnail>
</dir>

<dir>
	<title>Celebrities M</title>
	<cnw>category/celebs-m/</cnw>
	<thumbnail>http://www.celebsnudeworld.com/media/videos/cat/14.jpg</thumbnail>
</dir>

<dir>
	<title>Celebrities N</title>
	<cnw>category/celebs-n/</cnw>
	<thumbnail>http://www.celebsnudeworld.com/media/videos/cat/15.jpg</thumbnail>
</dir>

<dir>
	<title>Celebrities O</title>
	<cnw>category/celebs-o/</cnw>
	<thumbnail>http://www.celebsnudeworld.com/media/videos/cat/16.jpg</thumbnail>
</dir>

<dir>
	<title>Celebrities P</title>
	<cnw>category/celebs-p/</cnw>
	<thumbnail>http://www.celebsnudeworld.com/media/videos/cat/17.jpg</thumbnail>
</dir>

<dir>
	<title>Celebrities Q</title>
	<cnw>category/celebs-q/</cnw>
	<thumbnail>http://www.celebsnudeworld.com/media/videos/cat/18.jpg</thumbnail>
</dir>

<dir>
	<title>Celebrities R</title>
	<cnw>category/celebs-r/</cnw>
	<thumbnail>http://www.celebsnudeworld.com/media/videos/cat/19.jpg</thumbnail>
</dir>

<dir>
	<title>Celebrities S</title>
	<cnw>category/celebs-s/</cnw>
	<thumbnail>http://www.celebsnudeworld.com/media/videos/cat/20.jpg</thumbnail>
</dir>

<dir>
	<title>Celebrities T</title>
	<cnw>category/celebs-t/</cnw>
	<thumbnail>http://www.celebsnudeworld.com/media/videos/cat/21.jpg</thumbnail>
</dir>

<dir>
	<title>Celebrities U</title>
	<cnw>category/celebs-u/</cnw>
	<thumbnail>http://www.celebsnudeworld.com/media/videos/cat/22.jpg</thumbnail>
</dir>

<dir>
	<title>Celebrities V</title>
	<cnw>category/celebs-v/</cnw>
	<thumbnail>http://www.celebsnudeworld.com/media/videos/cat/23.jpg</thumbnail>
</dir>

<dir>
	<title>Celebrities W</title>
	<cnw>category/celebs-w/</cnw>
	<thumbnail>http://www.celebsnudeworld.com/media/videos/cat/24.jpg</thumbnail>
</dir>

<dir>
	<title>Celebrities X</title>
	<cnw>category/celebs-x/</cnw>
	<thumbnail>http://www.celebsnudeworld.com/media/videos/cat/25.jpg</thumbnail>
</dir>

<dir>
	<title>Celebrities Y</title>
	<cnw>category/celebs-y/</cnw>
	<thumbnail>http://www.celebsnudeworld.com/media/videos/cat/26.jpg</thumbnail>
</dir>

<dir>
	<title>Celebrities Z</title>
	<cnw>category/celebs-z/</cnw>
	<thumbnail>http://www.celebsnudeworld.com/media/videos/cat/27.jpg</thumbnail>
</dir>


</xml>
