<xml>

<dir>
	<title>2020 (IMDB)</title>
	<imdburl>years/2020</imdburl>
</dir>

<dir>
	<title>2019 (IMDB)</title>
	<imdburl>years/2019</imdburl>
</dir>

<dir>
	<title>2018 (IMDB)</title>
	<imdburl>years/2018</imdburl>
</dir>

<dir>
	<title>2017 (IMDB)</title>
	<imdburl>years/2017</imdburl>
</dir>

<dir>
	<title>2016 (IMDB)</title>
	<imdburl>years/2016</imdburl>
</dir>

<dir>
	<title>2020-1981 (TMDB)</title>
	<link>file://shared/findby/years/2020-1981.xml</link>
</dir>

<dir>
	<title>1980-1941 (TMDB)</title>
	<link>file://shared/findby/years/1980-1941.xml</link>
</dir>

<dir>
	<title>1940-1900 (TMDB)</title>
	<link>file://shared/findby/years/1940-1900.xml</link>
</dir>


</xml>