<xml>

<dir>
	<title>Action and Adventure</title>
	<tmdb>genre/shows/10759</tmdb>
</dir>

<dir>
	<title>Animation</title>
	<tmdb>genre/shows/16</tmdb>
</dir>

<dir>
	<title>Comedy</title>
	<tmdb>genre/shows/35</tmdb>
</dir>

<dir>
	<title>Crime</title>
	<tmdb>genre/shows/80</tmdb>
</dir>

<dir>
	<title>Documentary</title>
	<tmdb>genre/shows/99</tmdb>
</dir>

<dir>
	<title>Drama</title>
	<tmdb>genre/shows/18</tmdb>
</dir>

<dir>
	<title>Family</title>
	<tmdb>genre/shows/10751</tmdb>
</dir>

<dir>
	<title>Kids</title>
	<tmdb>genre/shows/10762</tmdb>
</dir>

<dir>
	<title>Mystery</title>
	<tmdb>genre/shows/9648</tmdb>
</dir>

<dir>
	<title>News</title>
	<tmdb>genre/shows/10763</tmdb>
</dir>

<dir>
	<title>Reality</title>
	<tmdb>genre/shows/10764</tmdb>
</dir>

<dir>
	<title>Sci-Fi and Fantasy</title>
	<tmdb>genre/shows/10765</tmdb>
</dir>

<dir>
	<title>Soap</title>
	<tmdb>genre/shows/10766</tmdb>
</dir>

<dir>
	<title>War and Politics</title>
	<tmdb>genre/shows/10768</tmdb>
</dir>

<dir>
	<title>Western</title>
	<tmdb>genre/shows/37</tmdb>
</dir>


</xml>