<xml>

<dir>
	<title>RnB</title>
	<lastfm>tag/rnb/artists</lastfm>
</dir>

<dir>
	<title>Island</title>
	<lastfm>tag/island/artists</lastfm>
</dir>

<dir>
	<title>Reggae</title>
	<lastfm>tag/reggae/artists</lastfm>
</dir>

<dir>
	<title>Hip Hop</title>
	<lastfm>tag/hip hop/artists</lastfm>
</dir>

<dir>
	<title>Hip-Hop</title>
	<lastfm>tag/hip-hop/artists</lastfm>
</dir>

<dir>
	<title>Rap</title>
	<lastfm>tag/rap/artists</lastfm>
</dir>

<dir>
	<title>Bass</title>
	<lastfm>tag/bass/artists</lastfm>
</dir>

<dir>
	<title>Pop</title>
	<lastfm>tag/pop/artists</lastfm>
</dir>

<dir>
	<title>Funk</title>
	<lastfm>tag/funk/artists</lastfm>
</dir>

<dir>
	<title>Soul</title>
	<lastfm>tag/soul/artists</lastfm>
</dir>

<dir>
	<title>Blues</title>
	<lastfm>tag/blues/artists</lastfm>
</dir>

<dir>
	<title>Jazz</title>
	<lastfm>tag/jazz/artists</lastfm>
</dir>

<dir>
	<title>Bluegrass</title>
	<lastfm>tag/bluegrass/artists</lastfm>
</dir>

<dir>
	<title>Folk</title>
	<lastfm>tag/folk/artists</lastfm>
</dir>

<dir>
	<title>Country</title>
	<lastfm>tag/country/artists</lastfm>
</dir>

<dir>
	<title>Rock</title>
	<lastfm>tag/rock/artists</lastfm>
</dir>

<dir>
	<title>Classic Rock</title>
	<lastfm>tag/classic rock/artists</lastfm>
</dir>

<dir>
	<title>Alternative</title>
	<lastfm>tag/alternative/artists</lastfm>
</dir>

<dir>
	<title>Heavy Metal</title>
	<lastfm>tag/heavy metal/artists</lastfm>
</dir>

<dir>
	<title>Grunge</title>
	<lastfm>tag/grunge/artists</lastfm>
</dir>

<dir>
	<title>Indie</title>
	<lastfm>tag/indie/artists</lastfm>
</dir>

<dir>
	<title>Punk</title>
	<lastfm>tag/punk/artists</lastfm>
</dir>

<dir>
	<title>Classical</title>
	<lastfm>tag/classical/artists</lastfm>
</dir>

<dir>
	<title>Easy Listening</title>
	<lastfm>tag/easy listening/artists</lastfm>
</dir>

<dir>
	<title>Comedy</title>
	<lastfm>tag/comedy/artists</lastfm>
</dir>

<dir>
	<title>Book</title>
	<lastfm>tag/book/artists</lastfm>
</dir>

<dir>
	<title>Progressive</title>
	<lastfm>tag/progressive/artists</lastfm>
</dir>

<dir>
	<title>Downtempo</title>
	<lastfm>tag/downtempo/artists</lastfm>
</dir>

<dir>
	<title>Chopped</title>
	<lastfm>tag/chopped/artists</lastfm>
</dir>

<dir>
	<title>Disco</title>
	<lastfm>tag/disco/artists</lastfm>
</dir>

<dir>
	<title>Salsa</title>
	<lastfm>tag/salsa/artists</lastfm>
</dir>

<dir>
	<title>Dance</title>
	<lastfm>tag/dance/artists</lastfm>
</dir>

<dir>
	<title>Club</title>
	<lastfm>tag/club/artists</lastfm>
</dir>

<dir>
	<title>Techno</title>
	<lastfm>tag/techno/artists</lastfm>
</dir>

<dir>
	<title>Dubstep</title>
	<lastfm>tag/dubstep/artists</lastfm>
</dir>

<dir>
	<title>Trance</title>
	<lastfm>tag/trance/artists</lastfm>
</dir>

<dir>
	<title>Electronic</title>
	<lastfm>tag/electronic/artists</lastfm>
</dir>

<dir>
	<title>Chiptune</title>
	<lastfm>tag/chiptune/artists</lastfm>
</dir>

<dir>
	<title>Game</title>
	<lastfm>tag/game/artists</lastfm>
</dir>


</xml>