<xml>

<dir>
	<title>Movies</title>
	<summary>Movie Stuff.</summary>
	<link>file://menu/mmovies.xml</link>
</dir>

<dir>
	<title>TV Shows</title>
	<summary>TV Show Stuff.</summary>
	<link>file://menu/mtvshows.xml</link>
</dir>

<dir>
	<title>CarToons/Anime</title>
	<summary>Cartoons and Anime Stuff.</summary>
	<link>file://menu/mtoons.xml</link>
</dir>

<dir>
	<title>Live TV/Sports</title>
	<summary>Decent Live TV.</summary>
	<link>file://menu/mlivetv.xml</link>
</dir>

<dir>
	<title>Music</title>
	<summary>Music Stuff.</summary>
	<link>file://menu/mtunes.xml</link>
</dir>

<dir>
	<title>Trailers</title>
	<summary>Some Trailer Stuff.</summary>
	<link>file://menu/mtrailers.xml</link>
</dir>

<dir>
	<title>JewZone</title>
	<summary>Custom Section of Stuff I am Into.</summary>
	<link>file://shared/jewxml/jew-main.xml</link>
</dir>

<dir>
	<title>More Plugins</title>
	<summary>Some Spare Stuff.</summary>
	<link>file://menu/mspare.xml</link>
</dir>

<dir>
	<title>[COLOR red]Trakt[/COLOR] [COLOR grey]Stuff</title>
	<summary>All Your Trakt Stuff.</summary>
	<link>file://menu/mtrakt.xml</link>
	<thumbnail>special://home/addons/plugin.video.beardedbandit/resources/images/trakt.png</thumbnail>
</dir>

<dir>
    <title>[COLOR grey]Quick Tools</title>
    <summary>All the Needed and Not Needed Tools.</summary>
    <link>file://menu/mquicktools.xml</link>
	<thumbnail>special://home/addons/plugin.video.beardedbandit/resources/images/icons/Quicktools.png</thumbnail>
</dir>


</xml>
