<xml>

<dir>
	<title>Art</title>
	<docus>dscategory/art</docus>
</dir>

<dir>
	<title>Biography</title>
	<docus>dscategory/biography</docus>
</dir>

<dir>
	<title>Conspiracy</title>
	<docus>dscategory/conspiracy</docus>
</dir>

<dir>
	<title>Crime</title>
	<docus>dscategory/crime</docus>
</dir>

<dir>
	<title>Culture</title>
	<docus>dscategory/culture</docus>
</dir>

<dir>
	<title>Drugs</title>
	<docus>dscategory/drugs</docus>
</dir>

<dir>
	<title>Environment</title>
	<docus>dscategory/environment</docus>
</dir>

<dir>
	<title>Health</title>
	<docus>dscategory/health</docus>
</dir>

<dir>
	<title>History</title>
	<docus>dscategory/history</docus>
</dir>

<dir>
	<title>Indie Films</title>
	<docus>dscategory/indie-films</docus>
</dir>

<dir>
	<title>Lifestyle</title>
	<docus>dscategory/lifestyle</docus>
</dir>

<dir>
	<title>Mockumentaries</title>
	<docus>dscategory/mockumentaries</docus>
</dir>

<dir>
	<title>Money</title>
	<docus>dscategory/money</docus>
</dir>

<dir>
	<title>Music</title>
	<docus>dscategory/music</docus>
</dir>

<dir>
	<title>Mystery</title>
	<docus>dscategory/mystery</docus>
</dir>

<dir>
	<title>Nature</title>
	<docus>dscategory/nature</docus>
</dir>

<dir>
	<title>Politics</title>
	<docus>dscategory/politics</docus>
</dir>

<dir>
	<title>Psychology</title>
	<docus>dscategory/psychology</docus>
</dir>

<dir>
	<title>Religion</title>
	<docus>dscategory/religion</docus>
</dir>

<dir>
	<title>Science</title>
	<docus>dscategory/science</docus>
</dir>

<dir>
	<title>Sexuality</title>
	<docus>dscategory/sexuality</docus>
</dir>

<dir>
	<title>Society</title>
	<docus>dscategory/society</docus>
</dir>

<dir>
	<title>Sports</title>
	<docus>dscategory/sports</docus>
</dir>

<dir>
	<title>Technology</title>
	<docus>dscategory/technology</docus>
</dir>

<dir>
	<title>War</title>
	<docus>dscategory/war</docus>
</dir>


</xml>
